Team,Team Lower
50 shades of graylands,50 shades of graylands
applecross dressers,applecross dressers
Attafail Whales,attafail whales
balcatta bandits,balcatta bandits
bicton banter lords,bicton banter lords
bicton bath salts,bicton bath salts
booragoonbags,booragoonbags
bull creek buttchuggers,bull creek buttchuggers
chick park,chick park
churchlands hellraisers,churchlands hellraisers
city beach groins,city beach groins
city beach kooks,city beach kooks
claremont cereal killahs,claremont cereal killahs
como at me bro,como at me bro
Como At Me bro,como at me bro
como mo co,como mo co
cottesloe's hottest hoes,cottesloe's hottest hoes
cotteslowbros,cotteslowbros
Creepy Crawleys,creepy crawleys
daglish dhe moisties,daglish dhe moisties
dalkeith dalqueefs,dalkeith dalqueefs
dianella demons,dianella demons
dog swamp swamp dogs,dog swamp swamp dogs
doubleview double yewws,doubleview double yewws
fremantle cappuccino strippers,fremantle cappuccino strippers
freo fussy puckers,freo fussy puckers
gmla angels,gmla angels
gmla guardians,gmla guardians
gmla jurassic pucks,gmla jurassic pucks
greenmount doom,greenmount doom
hillarys humpbacks,hillarys humpbacks
hungry spot heroes,hungry spot heroes
inglewood coldcuts,inglewood coldcuts
innaloominati,innaloominati
karrakatta grim jobs,karrakatta grim jobs
kensington kermits,kensington kermits
lake mongrels,lake mongrels
leederphiles rolferhockey,leederphiles rolferhockey
maylands muthapuckas,maylands muthapuckas
melville massiv,melville massiv
mindarie molotovs,mindarie molotovs
mosman mooseknuckles,mosman mooseknuckles
mount lawless,mount lawless
mt lawley chai lattes,mt lawley chai lattes
mt pleasant mounties,mt pleasant mounties
mullaloozers,mullaloozers
nedlands yung puccbois,nedlands yung puccbois
north perth bald beavers,north perth bald beavers
ocean beef,ocean beef
perth glory holez,perth glory holez
perth on heat,perth on heat
rosemount rinsers,rosemount rinsers
scarbra streisands,scarbra streisands
shenton park speed dealers,shenton park speed dealers
south perth puckaneers,south perth puckaneers
subiaco silkworms,subiaco silkworms
subiaco silkworms,subiaco silkworms
swanbourne nudists,swanbourne nudists
wembley blue light discos,wembley blue light discos
wembley food caughts,wembley food caughts
wembley food courts,wembley food courts
west coast spastic eagles,west coast spastic eagles
west stirling banjo breakers,west stirling banjo breakers
whitfords city wristies,whitfords city wristies
whorebin grovers,whorebin grovers
willo wonkas,willo wonkas
